channel_1,channel_2,channel_3,channel_4
0.11153956,0.11646034,0.121619746,0.12678789
0.25789627,0.26301983,0.26832464,0.27369064
0.05505321,0.05788569,0.06073769,0.0635641
-0.19366068,-0.19281723,-0.19177309,-0.19085982
-0.072592735,-0.078105465,-0.08323184,-0.08840882
0.025974,0.020103723,0.014409095,0.008725444
-0.018547881,-0.02817198,-0.03761982,-0.046994522
-0.092762776,-0.10132524,-0.10983112,-0.118314676
-0.0210374,-0.02922576,-0.03748066,-0.045775697
0.0012806917,-0.002602272,-0.0074178325,-0.012251941
-0.11427865,-0.116516255,-0.11881641,-0.121056005
-0.26573333,-0.26877028,-0.2720211,-0.2752014
-0.22905579,-0.23167086,-0.23472644,-0.23778696
0.0065271347,0.0062131872,0.0056178034,0.0050035766
0.12579484,0.12504227,0.124163195,0.12329742
0.082807414,0.08119939,0.07956736,0.07797932
-0.0718746,-0.07352317,-0.07523325,-0.07687889
-0.22414906,-0.22529684,-0.22649565,-0.22761104
-0.14761494,-0.1490859,-0.15048599,-0.1517919
-0.05361552,-0.053290043,-0.052849922,-0.05240833
-0.050250582,-0.049097884,-0.04804201,-0.047072064
-0.08761734,-0.08784138,-0.08828716,-0.08874195
0.011456804,0.011138128,0.010763527,0.010487375
0.07227843,0.072869286,0.07352205,0.07427304
0.22046556,0.22135146,0.22224028,0.22312322
0.49603456,0.4965118,0.49695215,0.49735963
0.61623657,0.61650145,0.61676687,0.6170573
0.50945073,0.5087654,0.50816625,0.50762117
0.37235537,0.3710517,0.36996186,0.36892903
0.2680487,0.26696876,0.26614547,0.26537633
0.002701135,0.00071494596,-0.0019180924,-0.004991609
-0.42411566,-0.4292349,-0.4342485,-0.43921998
-0.5847523,-0.5898899,-0.59479535,-0.59961826
-0.7594916,-0.7635178,-0.767227,-0.77086216
-0.9496049,-0.9535996,-0.9573569,-0.96106917
-0.93809325,-0.94233716,-0.9463701,-0.95036256
-0.7323963,-0.73564786,-0.73867387,-0.7416753
-0.48812643,-0.49052843,-0.49266165,-0.49484152
-0.2745098,-0.27736178,-0.2798799,-0.2825028
-0.20966686,-0.21129741,-0.21253625,-0.21387358
-0.29107565,-0.2899419,-0.28853217,-0.2872205
-0.24154048,-0.23878479,-0.235887,-0.23308563
0.054130074,0.05613055,0.0582251,0.06027656
0.27074516,0.27255008,0.27451375,0.27643973
0.32979387,0.3316539,0.333713,0.33575097
0.31280732,0.31495085,0.31725907,0.3195786
0.30536032,0.30813646,0.31096187,0.31376356
0.23076963,0.23399594,0.23721746,0.24035828
0.18597814,0.18837464,0.19081071,0.19318928
0.1791861,0.17975177,0.18031734,0.18087436
0.044962335,0.045051873,0.04505507,0.04505052
-0.17834644,-0.17602207,-0.1737785,-0.1714995
-0.41840717,-0.4152212,-0.41202185,-0.40876293
-0.6360829,-0.63419306,-0.63237894,-0.63059217
-0.7348027,-0.73348904,-0.73231477,-0.73118687
-0.7360967,-0.7343678,-0.7326483,-0.7309223
-0.76971287,-0.76826304,-0.7666419,-0.7650334
-0.77156115,-0.77069926,-0.7696778,-0.7687031
-0.6922729,-0.69139326,-0.6904852,-0.68952274
-0.65615094,-0.6557365,-0.6553138,-0.6547625
-0.7726283,-0.7718828,-0.7710438,-0.77015704
-0.8021764,-0.80005264,-0.7978558,-0.7956671
-0.6867165,-0.68439597,-0.68212044,-0.67981935
-0.4578976,-0.4575212,-0.45733866,-0.45709
-0.29417336,-0.2946902,-0.2954816,-0.29619595
-0.3328612,-0.33274743,-0.3328632,-0.33288795
-0.32277447,-0.32338342,-0.32399392,-0.32459646
-0.014549167,-0.015085696,-0.015369155,-0.015765788
0.21745734,0.21890987,0.22042124,0.22190401
0.25834924,0.26033694,0.26218626,0.26407257
0.27269942,0.27305666,0.27336657,0.27370125
0.38443196,0.3837984,0.38333547,0.3828984
0.35479885,0.3543733,0.35411763,0.3539584
0.16757198,0.16782375,0.16817915,0.16866751
0.07730136,0.07792335,0.07876749,0.07972657
0.068513565,0.06888347,0.0696006,0.07042379
0.041228075,0.041356433,0.04182988,0.042395536
0.036358476,0.037306316,0.03857291,0.0398912
-0.02290383,-0.020270854,-0.017268386,-0.014254809
-0.114604555,-0.113262914,-0.11182047,-0.11044488
-0.06294673,-0.062947676,-0.06295501,-0.063117124
0.021225244,0.021485819,0.021687608,0.021769071
-0.11145098,-0.10998327,-0.108717926,-0.10759477
-0.19800436,-0.19530192,-0.19259527,-0.18995276
0.009452664,0.012239583,0.015268051,0.018298062
0.034267984,0.036659863,0.039273772,0.04191407
-0.017109208,-0.01578046,-0.014423208,-0.012997842
0.09726398,0.096863456,0.09643088,0.09602459
0.29511395,0.2943105,0.29356748,0.29282582
0.36973292,0.36907172,0.3684712,0.36786225
0.447104,0.44694367,0.44675556,0.44656104
0.6508346,0.650892,0.6508245,0.6507568
0.73454875,0.7344296,0.7340593,0.7337168
0.60710984,0.6072728,0.6070944,0.60694796
0.42529127,0.4258791,0.42618832,0.42647266
0.17139481,0.17180337,0.17212121,0.1724065
-0.21790604,-0.21805212,-0.21819505,-0.21828434
-0.5134938,-0.5134658,-0.5134678,-0.5134338
-0.6807788,-0.68099344,-0.6812378,-0.6815613
-0.8830988,-0.88343126,-0.88370174,-0.8840572
-0.96755207,-0.96763754,-0.9675772,-0.9675156
-0.7537972,-0.7538886,-0.753845,-0.7537776
-0.4059555,-0.40662572,-0.40720764,-0.40784886
-0.19022092,-0.1919091,-0.193383,-0.19493116
-0.14178479,-0.14491165,-0.14771627,-0.1505362
-0.0015461895,-0.0063134413,-0.01076171,-0.015231774
0.15491284,0.15195453,0.14915124,0.14634785
0.35512,0.3525792,0.35010275,0.3476714
0.4418523,0.43982697,0.43772995,0.43563342
0.39193413,0.39095157,0.38987878,0.38872692
0.3499123,0.34945822,0.34892777,0.34832594
0.31018853,0.30889502,0.30741385,0.3058684
0.29614323,0.2941179,0.2917974,0.28939876
0.2518159,0.2503948,0.24870762,0.2469572
0.10728872,0.10640887,0.105301924,0.1041636
-0.15989779,-0.16141705,-0.1631461,-0.16493897
-0.16914527,-0.16997826,-0.170832,-0.17174964
-0.048927493,-0.048240274,-0.047516797,-0.046765868
-0.11566168,-0.11563999,-0.11564397,-0.11555721
-0.05479704,-0.055685773,-0.056505762,-0.057249356
0.18782423,0.18762706,0.18752359,0.18746382
0.26340982,0.2633039,0.26318493,0.2630902
0.041694015,0.041124057,0.040493686,0.039868914
-0.08606633,-0.0868684,-0.08761985,-0.088311784
0.08948161,0.08978385,0.09014567,0.09055287
0.11296755,0.11369349,0.11445229,0.11517844
-0.0026284698,-0.0016215341,-0.00049136445,0.00030371582
0.080508165,0.08060068,0.08075494,0.08089209
0.25548336,0.25436383,0.25322855,0.2521306
0.31436098,0.31238222,0.310414,0.30847538
0.3321091,0.33005434,0.32812,0.32619384
0.3008235,0.2989616,0.29726824,0.29559132
0.09652462,0.09445306,0.09261478,0.090807386
-0.13697457,-0.13991281,-0.1423123,-0.14459938
-0.09221786,-0.09478262,-0.09691491,-0.09884243
-0.017028414,-0.019138169,-0.021141142,-0.02289136
-0.0025670624,-0.0039885505,-0.0053636166,-0.0064991307
0.050786816,0.050095998,0.04947524,0.048947677
0.038451526,0.03710556,0.035773013,0.034440067
-0.17024443,-0.17334907,-0.1764821,-0.17969352
-0.16440234,-0.16827688,-0.17216597,-0.1760731
0.04154372,0.039118286,0.036675483,0.03423681
0.11540733,0.114016645,0.11261874,0.1111787
0.03146231,0.031679954,0.032020614,0.03231878
-0.05221625,-0.051805366,-0.051013984,-0.05019148
-0.06311335,-0.065133825,-0.066809535,-0.068398476
-0.056115206,-0.058898557,-0.0613755,-0.06374954
0.014572464,0.013718925,0.0130350655,0.01244351
0.13005415,0.12968893,0.12938276,0.1291914
0.11871192,0.11780996,0.11682539,0.11588613
-0.07860092,-0.08022822,-0.08198713,-0.08372446
-0.30830148,-0.30885184,-0.3093737,-0.30977443
-0.26646185,-0.26589808,-0.2651594,-0.2641361
-0.026083918,-0.02431882,-0.022295833,-0.019926196
0.08295621,0.083664924,0.08450797,0.085466385
0.110442646,0.110273935,0.11014639,0.11002624
0.28617865,0.28672642,0.28721923,0.28765777
0.478157,0.47963807,0.48104084,0.48237815
0.40631178,0.40725997,0.40818703,0.40908515
0.21172802,0.21179214,0.21187069,0.21197534
0.1350299,0.13526112,0.1354635,0.13569075
0.15410273,0.15477303,0.1553641,0.15592441
0.16588168,0.16650493,0.16704187,0.16753528
0.22254455,0.22336896,0.22404966,0.22470519
0.22088386,0.22240141,0.22366507,0.22486225
0.099941015,0.10118552,0.10216988,0.10303369
-0.03334991,-0.033000536,-0.032908425,-0.032997184
-0.085427314,-0.08601728,-0.086751446,-0.08760832
-0.03394596,-0.034877025,-0.03601956,-0.03728575
-0.15830067,-0.15864775,-0.15933025,-0.16006504
-0.35940045,-0.3585942,-0.35819703,-0.35776445
-0.33391815,-0.33320233,-0.3329657,-0.3326683
-0.11360066,-0.11406006,-0.115040585,-0.11595111
-0.07588673,-0.07625213,-0.077083655,-0.07779822
-0.15709338,-0.15648004,-0.15631813,-0.15600523
-0.02910986,-0.029430939,-0.030163428,-0.03078379
0.16203438,0.16082808,0.15958308,0.15836693
0.2746407,0.27336246,0.27226725,0.27118722
0.35521013,0.35405716,0.35319304,0.352348
0.35269558,0.35166907,0.3509198,0.35014364
0.22162086,0.2209288,0.2204446,0.21987322
-0.02093397,-0.02361515,-0.026041374,-0.028589783
-0.3827334,-0.38630217,-0.38967392,-0.39304608
-0.66363996,-0.6659092,-0.6680205,-0.6701134
-0.71729696,-0.71772516,-0.71805185,-0.7183747
-0.57769287,-0.5773246,-0.57684,-0.5763545
-0.43233472,-0.4323369,-0.4321681,-0.43203816
-0.4304712,-0.42999536,-0.4293664,-0.4288391
-0.37477526,-0.37358287,-0.3722937,-0.37109554
-0.12181343,-0.120838456,-0.11980176,-0.11878225
0.02174278,0.02214882,0.022531703,0.022917593
-0.016300222,-0.015528647,-0.0149983,-0.014548118
0.056059603,0.055672873,0.05513538,0.05453174
0.28818816,0.28701138,0.2858146,0.2845693
0.36422247,0.36364093,0.36303177,0.3623592
0.16274415,0.16312794,0.1632733,0.1633293
0.01801025,0.018439986,0.01862097,0.018723175
0.08509212,0.08535248,0.0855822,0.08578054
0.11359883,0.11433306,0.11507704,0.11578046
-0.008563197,-0.006942396,-0.0055600996,-0.0043057525
-0.04264968,-0.041078027,-0.03976699,-0.038505517
0.09542185,0.096596576,0.09770888,0.098872565
0.13308895,0.13408823,0.13502046,0.1359632
0.09810152,0.09856768,0.09893066,0.099192694
0.16036156,0.16094995,0.16146028,0.16186422
0.3264335,0.32738665,0.32830906,0.3292049
0.5124517,0.5127632,0.5130671,0.5133318
0.7128223,0.7126641,0.71253294,0.7123222
0.74542975,0.74611497,0.74685824,0.7475337
0.6894102,0.6906839,0.69195837,0.6931465
0.66646427,0.66723233,0.6678509,0.668316
0.6032923,0.60375005,0.6039384,0.6039896
0.4796802,0.4799039,0.4798314,0.47970396
0.5060099,0.5055402,0.5048467,0.50412154
0.5538301,0.553472,0.55302864,0.552538
0.45607135,0.4571102,0.45820478,0.45928645
0.3802533,0.3818574,0.38364267,0.38547552
0.433271,0.43482018,0.43651834,0.4382871
0.2693376,0.27164406,0.27393192,0.2762319
-0.06704783,-0.06289004,-0.058903378,-0.054967638
-0.15908483,-0.15706854,-0.15515967,-0.1532922
-0.03284555,-0.03265284,-0.032558527,-0.03250959
-0.18034512,-0.18015136,-0.18006386,-0.18008597
-0.21214181,-0.21124281,-0.21038122,-0.20962672
0.0130282985,0.014021972,0.0150974365,0.01614973
0.033197425,0.03467297,0.036221087,0.03771111
-0.17629138,-0.17403167,-0.17186376,-0.16989484
-0.21101038,-0.20905676,-0.20728444,-0.20567411
-0.13661566,-0.13514775,-0.13370143,-0.13233444
-0.04198992,-0.04158155,-0.041108523,-0.04074165
0.06666987,0.06677513,0.06676788,0.06669238
0.27790958,0.27818283,0.27827984,0.2783606
0.4963246,0.49654794,0.49673888,0.49692333
0.76803046,0.7683179,0.7686315,0.76891786
0.93562895,0.93630433,0.93691075,0.93750095
0.88414216,0.88469076,0.88514984,0.8855842
0.76436716,0.76415783,0.76387787,0.7635255
0.7652346,0.76492864,0.7644524,0.76392275
0.64234656,0.642609,0.64263165,0.6426671
0.28081092,0.28102368,0.28109136,0.28122512
0.01603329,0.01643144,0.016724516,0.017099854
-0.07143825,-0.06858836,-0.06599992,-0.06327567
-0.16286756,-0.15818708,-0.15362008,-0.14891225
-0.3675376,-0.3631811,-0.3587274,-0.3541521
-0.6100758,-0.6064409,-0.60272366,-0.59892076
-0.7341821,-0.7314345,-0.72865766,-0.72580755
-0.7073742,-0.70583475,-0.70425564,-0.7025889
-0.59037465,-0.5891035,-0.5878425,-0.586497
-0.4321222,-0.43046272,-0.4289048,-0.42730358
-0.07756359,-0.075514406,-0.073643684,-0.07174854
0.23624972,0.23724401,0.23809852,0.23902188
0.34428218,0.345058,0.34569472,0.34646818
0.3798704,0.37939808,0.3787933,0.37832153
0.48279238,0.48104045,0.47911808,0.47727033
0.63361114,0.63217425,0.63050616,0.6288753
0.70318556,0.7023361,0.7013481,0.70041746
0.75310636,0.75194865,0.75077903,0.7496815
0.7584471,0.75724554,0.75604993,0.7548775
0.75847954,0.75786746,0.75714684,0.7563434
0.8062564,0.8056228,0.80483943,0.80394197
0.8333634,0.8318646,0.83035314,0.82877713
0.7163831,0.714765,0.71325225,0.7116995
0.6372622,0.6358167,0.63444114,0.63304067
0.5101641,0.50853884,0.5068496,0.50516087
0.27587482,0.27472365,0.27352172,0.2723648
0.09540793,0.09611692,0.09696602,0.09792394
-0.017685978,-0.013831559,-0.009639399,-0.005188197
-0.26386115,-0.2615244,-0.25903982,-0.25638202
-0.5459253,-0.5456645,-0.54534537,-0.54492736
-0.585146,-0.5855123,-0.58580506,-0.5860052
-0.5607376,-0.5613827,-0.5619121,-0.56236637
-0.7052191,-0.7064422,-0.70748395,-0.70851403
-0.8263007,-0.82763445,-0.8288147,-0.83000857
-0.7729643,-0.77462995,-0.77620476,-0.777796
-0.6903479,-0.6926429,-0.69478285,-0.69693947
-0.7207694,-0.72324574,-0.7255025,-0.7277555
-0.8023791,-0.80489135,-0.8073186,-0.8097221
-0.7921583,-0.79507506,-0.797985,-0.8009148
-0.6765247,-0.6795454,-0.6824063,-0.68535775
-0.56746054,-0.57019717,-0.57266974,-0.5752303
-0.47807217,-0.48257658,-0.48694125,-0.4913105
-0.30750036,-0.3146337,-0.32162753,-0.32856575
0.0054396186,0.0014166777,-0.004271591,-0.010857488
0.14320597,0.1414529,0.1395561,0.13767764
0.20332731,0.20261039,0.20166205,0.20068717
0.26378745,0.26423228,0.26456815,0.2648065
0.30001464,0.30205402,0.30401748,0.3058929
0.2322399,0.23440044,0.23641749,0.23844884
0.14889959,0.14997527,0.15096423,0.15202679
0.20926103,0.2099238,0.21056227,0.2112042
0.2800143,0.28047153,0.2807998,0.28106883
0.24775514,0.24744283,0.24690749,0.24634464
0.14362226,0.14312503,0.14247324,0.14184457
-0.0070223515,-0.008670293,-0.010402696,-0.01204938
-0.3001039,-0.30316558,-0.30636862,-0.30947253
-0.51879245,-0.5211914,-0.52383226,-0.52640706
-0.51698816,-0.5179334,-0.51906973,-0.52019477
-0.42580247,-0.4271267,-0.42849013,-0.4299154
-0.5280418,-0.53024536,-0.53247434,-0.53481036
-0.71486956,-0.7157751,-0.7168159,-0.71797603
-0.7403429,-0.7395926,-0.73896146,-0.7384337
-0.6429089,-0.6410877,-0.63928485,-0.6375911
-0.61281604,-0.6105205,-0.6081782,-0.6059773
-0.6451858,-0.6432228,-0.6412909,-0.639476
-0.5971249,-0.5961136,-0.5953011,-0.5945386
-0.5480602,-0.5469707,-0.5461719,-0.5454082
-0.588048,-0.58585376,-0.5838259,-0.58183694
-0.5332828,-0.5314499,-0.5296453,-0.52781147
-0.14721055,-0.14673491,-0.14633723,-0.14585467
0.14040002,0.14052697,0.1404727,0.14043309
0.16223286,0.16238876,0.16234556,0.16231368
0.12778677,0.12768382,0.1274594,0.12727255
0.12204593,0.1222673,0.12246678,0.122655354
0.092275396,0.09294086,0.09375733,0.0945377
0.03310566,0.03386965,0.034908336,0.03596538
-0.06025832,-0.058276307,-0.056013454,-0.053693384
-0.14001246,-0.13738891,-0.13476202,-0.13215326
-0.14486513,-0.14155729,-0.1384035,-0.13523306
-0.17406803,-0.1701233,-0.16636182,-0.16246088
-0.32965472,-0.32569784,-0.32178798,-0.31771442
-0.4192108,-0.41671354,-0.41406944,-0.41132843
-0.2634625,-0.2616926,-0.2598161,-0.25789025
-0.12081446,-0.11780633,-0.11492846,-0.11202984
-0.12002738,-0.11714091,-0.114308834,-0.11142855
-0.08427095,-0.083678454,-0.08280523,-0.081795365
0.015178458,0.014250585,0.013511397,0.012855445
-0.054463282,-0.055549856,-0.056547467,-0.057497293
-0.21474062,-0.21440771,-0.21401359,-0.21352127
-0.070155084,-0.068907864,-0.06747433,-0.06578761
0.21523233,0.21581432,0.21658525,0.21751466
0.1942973,0.19470836,0.19531816,0.19598277
-0.050290402,-0.048747987,-0.047071647,-0.045424964
-0.17564902,-0.17355865,-0.17149992,-0.16938294
-0.1673897,-0.16580024,-0.16421162,-0.16245428
-0.2735086,-0.2730994,-0.27268276,-0.27213144
-0.41250032,-0.41249508,-0.41247138,-0.41241062
-0.52723116,-0.52789354,-0.52840334,-0.52892244
-0.53575075,-0.5368393,-0.5376461,-0.5384553
-0.4593781,-0.45962813,-0.45961586,-0.45955634
-0.30946887,-0.30841467,-0.30707145,-0.30565113
-0.15562902,-0.15443756,-0.15289609,-0.15136363
-0.022565879,-0.023167064,-0.023611274,-0.024185317
0.08876225,0.08629749,0.083820134,0.08128263
0.042872787,0.038521197,0.03428178,0.030029522
-0.02031298,-0.028440036,-0.035963707,-0.043435823
0.0009993846,-0.0063194144,-0.013687576,-0.02091144
-0.13138011,-0.13758813,-0.14340717,-0.14904627
-0.54666406,-0.54925627,-0.55166155,-0.55400604
-0.7491624,-0.75027424,-0.75119734,-0.7521287
-0.5958592,-0.5974667,-0.5986823,-0.5998976
-0.43281695,-0.43506953,-0.4366367,-0.43819943
-0.4163493,-0.41761923,-0.41816592,-0.41872835
-0.17577685,-0.17716806,-0.17798355,-0.17879023
0.11394998,0.11216534,0.11062932,0.10910161
0.13740212,0.13643448,0.13573204,0.1349925
0.10013077,0.10144699,0.10298229,0.10445669
0.17348014,0.17558116,0.17784083,0.18007872
0.27407902,0.27606043,0.27824017,0.280417
0.24269833,0.24539584,0.24835776,0.2513465
0.12940139,0.13257518,0.135991,0.13951902
-0.08677335,-0.08314916,-0.079179466,-0.07493785
-0.3517698,-0.34987706,-0.347697,-0.34533438
-0.42994976,-0.4279488,-0.42578906,-0.42355302
-0.5356472,-0.5338884,-0.5321369,-0.5303912
-0.6792912,-0.67801785,-0.67675734,-0.6755222
-0.6303347,-0.62984496,-0.6292874,-0.628742
-0.34364757,-0.3450789,-0.34649432,-0.3479183
-0.12797064,-0.13074581,-0.13365051,-0.13659701
-0.20179057,-0.20294358,-0.2042478,-0.2055951
-0.06646142,-0.066204265,-0.066058494,-0.06589827
0.14207333,0.1418007,0.14143665,0.14109282
0.1501879,0.14943607,0.14854255,0.14764187
0.12137649,0.12049153,0.11949874,0.11849453
0.16214384,0.160939,0.15972896,0.1585046
0.09813309,0.09703061,0.09594053,0.09482324
0.043646757,0.04303603,0.042370424,0.041713845
0.14047447,0.1405274,0.14052199,0.1405887
0.36680722,0.3679896,0.3692043,0.37049958
0.4399004,0.44225818,0.44458234,0.44692495
0.3938359,0.39640036,0.39874738,0.40107504
0.46472046,0.4668377,0.4687414,0.47068116
0.52371174,0.5258507,0.5279041,0.5300354
0.5067832,0.50952464,0.51218265,0.5149069
0.5198284,0.5226227,0.5252764,0.5279838
0.4644967,0.46660885,0.4686614,0.47073558
0.31816047,0.31987607,0.3216563,0.32343164
0.3463538,0.34791026,0.3495028,0.35112628
0.40977576,0.41109517,0.41236344,0.413689
0.23169634,0.23322128,0.2346816,0.2361073
0.10651164,0.108274184,0.10999644,0.11164639
0.18208507,0.18338764,0.18469794,0.18603858
0.11674564,0.117450655,0.11820173,0.11902141
-0.06500891,-0.0644816,-0.06397389,-0.063510925
-0.068370186,-0.06732311,-0.06652974,-0.06584074
0.07122161,0.07262179,0.0737591,0.07488692
0.020594846,0.022400556,0.023920638,0.025456386
-0.060084473,-0.05783168,-0.055861715,-0.05384229
0.13289204,0.1340093,0.13511688,0.13628657
0.29159677,0.29259747,0.29370183,0.29488182
0.29801294,0.2981927,0.29841667,0.29867268
0.34196302,0.34129578,0.34057072,0.3398658
0.39699966,0.39658624,0.3961688,0.3957813
0.38738114,0.387405,0.3875885,0.38782442
0.43598405,0.43485513,0.4339424,0.433115
0.48946923,0.48792085,0.48649392,0.4851503
0.38266483,0.3823838,0.38212687,0.3819015
0.27533817,0.27544907,0.27558193,0.27573407
0.3249091,0.32391173,0.32290462,0.3219514
0.31591266,0.31455758,0.3131517,0.31178024
0.09946883,0.09861128,0.097793095,0.09698799
-0.20056242,-0.20201325,-0.20320524,-0.20429957
-0.25482994,-0.25722358,-0.25941834,-0.2614011
-0.2590938,-0.2613537,-0.26358554,-0.26556107
-0.40916166,-0.40990108,-0.41061324,-0.4111745
-0.52316284,-0.52326524,-0.5232976,-0.5233441
-0.42218047,-0.42293957,-0.42373368,-0.42467123
-0.14449301,-0.14568165,-0.14707506,-0.14862879
0.016771253,0.017223865,0.01756323,0.017852306
-0.058714855,-0.055805862,-0.052892674,-0.0500257
-0.10893788,-0.10685946,-0.104662515,-0.10249722
-0.20088999,-0.20138419,-0.20174468,-0.20213072
-0.25592282,-0.25768226,-0.25921127,-0.2607653
-0.17543231,-0.17738278,-0.17899163,-0.18058623
-0.08155414,-0.08417495,-0.08648822,-0.08874803
-0.2229095,-0.22561362,-0.2281985,-0.23079637
-0.37337214,-0.37585765,-0.37822005,-0.380651
-0.1961653,-0.1983705,-0.20035933,-0.20239437
0.0786073,0.0781915,0.07777773,0.077317245
0.10220462,0.10238618,0.10233878,0.10221068
0.037372384,0.037162337,0.036632594,0.036019415
0.09556622,0.09501537,0.0942106,0.09331484
0.12451182,0.1243267,0.1239591,0.12351249
-0.056753486,-0.057792593,-0.058979034,-0.060265657
-0.18804546,-0.19057123,-0.19307669,-0.19566889
0.011455689,0.010004206,0.00864812,0.0072039175
0.0056788996,0.0052996287,0.005022114,0.0046636704
-0.16631393,-0.16658472,-0.16673048,-0.16692077
-0.06871422,-0.06967242,-0.07057718,-0.071473464
-0.08681359,-0.087480895,-0.08807087,-0.08866043
-0.3167378,-0.31675905,-0.31658396,-0.31643116
-0.2742301,-0.2737247,-0.2728851,-0.27204123
0.1283927,0.12891997,0.12969615,0.13052832
0.32461447,0.32491204,0.32538027,0.32588297
0.31520465,0.31444436,0.31376532,0.3129925
0.34613508,0.34466043,0.3432401,0.34167975
0.36027506,0.3592603,0.35835454,0.3573841
0.31829566,0.3181657,0.3181705,0.31817436
0.35284048,0.35345128,0.3540825,0.35473946
0.25153545,0.25237224,0.25315487,0.25405833
-0.03505517,-0.03491517,-0.03475002,-0.03430581
-0.19923304,-0.20071813,-0.20209351,-0.20329976
0.045444626,0.044283397,0.04312835,0.04206122
0.13621153,0.13510092,0.1339766,0.13293213
0.07027403,0.068774156,0.0673235,0.06588729
0.069819555,0.0683274,0.0668722,0.06539337
0.15038976,0.14912681,0.14780924,0.14646247
0.19956459,0.19743332,0.1951802,0.19284692
0.20351006,0.20116857,0.19864707,0.19599904
0.10583318,0.10535764,0.104636595,0.10382109
0.08072374,0.081704035,0.08247268,0.083180696
0.25420174,0.2547974,0.25529474,0.25573292
0.37457323,0.37508333,0.37549284,0.3758621
0.3038497,0.304948,0.30583933,0.30667302
0.25449705,0.2555828,0.2564141,0.2571464
0.27265602,0.27314937,0.2734089,0.27362296
0.18588325,0.18643017,0.1868384,0.1872589
0.11358802,0.11376843,0.113905095,0.113976814
0.2320509,0.23150988,0.23104304,0.23045762
0.34033412,0.33973262,0.3393217,0.33886367
0.2577256,0.2564837,0.2554761,0.25444698
0.1941202,0.19165254,0.18934284,0.18698537
0.18450049,0.1821943,0.17997357,0.17777586
0.17216836,0.17148884,0.17097436,0.17055921
0.2535851,0.25332886,0.2532541,0.2532691
0.2835036,0.28327918,0.2830684,0.28293765
0.19852833,0.1989919,0.19939268,0.1999104
0.17418027,0.17430115,0.17445011,0.17470513
0.24523005,0.2440534,0.24280809,0.24154502
0.23859467,0.23722827,0.23557809,0.23380347
0.15065955,0.1501984,0.14944115,0.14852971
0.07822506,0.07785184,0.07735143,0.07673648
0.07073723,0.07059198,0.07040002,0.07015925
0.107753105,0.107974455,0.108192265,0.10838042
0.1679992,0.16739435,0.16684455,0.1662754
0.097408086,0.09574396,0.09407509,0.09241513
-0.07458523,-0.07555549,-0.07680962,-0.078052126
-0.1828276,-0.18077183,-0.17912377,-0.17753881
-0.085782446,-0.081989855,-0.07858897,-0.07532401
0.002584336,0.0054898374,0.008168426,0.010734515
0.062360145,0.06605754,0.06951713,0.07286555
0.20981818,0.21318516,0.21629517,0.21931753
0.23553872,0.23731415,0.23884879,0.24032189
0.13523528,0.1360084,0.13669315,0.13730001
0.132038,0.13271207,0.13349788,0.13420504
0.18545666,0.18646856,0.1876455,0.18879963
0.13330232,0.13431351,0.1353844,0.13647464
0.07632316,0.07667891,0.07699552,0.077304594
0.15741643,0.15717898,0.1568677,0.15648045
0.2958148,0.29541728,0.2949544,0.29441154
0.33804533,0.33689272,0.33569494,0.3344792
0.29240686,0.2901299,0.2878831,0.28565124
0.33852428,0.33604965,0.33369976,0.33135003
0.43070072,0.4290535,0.42755422,0.42607498
0.33744738,0.33605054,0.33469537,0.33340225
0.31948215,0.3179476,0.31637216,0.31485465
0.44933116,0.4486751,0.44799924,0.44735393
0.38888344,0.38943797,0.38999417,0.3905483
0.071713194,0.073185675,0.07458103,0.07591245
-0.14733137,-0.144285,-0.14143552,-0.13866653
-0.34393165,-0.3410764,-0.33844218,-0.33578563
-0.62124616,-0.6194048,-0.61777663,-0.61609644
-0.9807356,-0.979174,-0.9777717,-0.9764074
0.11153956,0.11153956,0.11153956,0.11153956
0.25789627,0.25789627,0.25789627,0.25789627
0.05505321,0.05505321,0.05505321,0.05505321
-0.19366068,-0.19366068,-0.19366068,-0.19366068
-0.072592735,-0.072592735,-0.072592735,-0.072592735
0.025974,0.025974,0.025974,0.025974
-0.018547881,-0.018547881,-0.018547881,-0.018547881
-0.092762776,-0.092762776,-0.092762776,-0.092762776
-0.0210374,-0.0210374,-0.0210374,-0.0210374
0.0012806917,0.0012806917,0.0012806917,0.0012806917
-0.11427865,-0.11427865,-0.11427865,-0.11427865
-0.26573333,-0.26573333,-0.26573333,-0.26573333
-0.22905579,-0.22905579,-0.22905579,-0.22905579
0.0065271347,0.0065271347,0.0065271347,0.0065271347
0.12579484,0.12579484,0.12579484,0.12579484
0.082807414,0.082807414,0.082807414,0.082807414
-0.0718746,-0.0718746,-0.0718746,-0.0718746
-0.22414906,-0.22414906,-0.22414906,-0.22414906
-0.14761494,-0.14761494,-0.14761494,-0.14761494
-0.05361552,-0.05361552,-0.05361552,-0.05361552
-0.050250582,-0.050250582,-0.050250582,-0.050250582
-0.08761734,-0.08761734,-0.08761734,-0.08761734
0.011456804,0.011456804,0.011456804,0.011456804
0.07227843,0.07227843,0.07227843,0.07227843
0.22046556,0.22046556,0.22046556,0.22046556
0.49603456,0.49603456,0.49603456,0.49603456
0.61623657,0.61623657,0.61623657,0.61623657
0.50945073,0.50945073,0.50945073,0.50945073
0.37235537,0.37235537,0.37235537,0.37235537
0.2680487,0.2680487,0.2680487,0.2680487
0.002701135,0.002701135,0.002701135,0.002701135
-0.42411566,-0.42411566,-0.42411566,-0.42411566
-0.5847523,-0.5847523,-0.5847523,-0.5847523
-0.7594916,-0.7594916,-0.7594916,-0.7594916
-0.9496049,-0.9496049,-0.9496049,-0.9496049
-0.93809325,-0.93809325,-0.93809325,-0.93809325
-0.7323963,-0.7323963,-0.7323963,-0.7323963
-0.48812643,-0.48812643,-0.48812643,-0.48812643
-0.2745098,-0.2745098,-0.2745098,-0.2745098
-0.20966686,-0.20966686,-0.20966686,-0.20966686
-0.29107565,-0.29107565,-0.29107565,-0.29107565
-0.24154048,-0.24154048,-0.24154048,-0.24154048
0.054130074,0.054130074,0.054130074,0.054130074
0.27074516,0.27074516,0.27074516,0.27074516
0.32979387,0.32979387,0.32979387,0.32979387
0.31280732,0.31280732,0.31280732,0.31280732
0.30536032,0.30536032,0.30536032,0.30536032
0.23076963,0.23076963,0.23076963,0.23076963
0.18597814,0.18597814,0.18597814,0.18597814
0.1791861,0.1791861,0.1791861,0.1791861
0.044962335,0.044962335,0.044962335,0.044962335
-0.17834644,-0.17834644,-0.17834644,-0.17834644
-0.41840717,-0.41840717,-0.41840717,-0.41840717
-0.6360829,-0.6360829,-0.6360829,-0.6360829
-0.7348027,-0.7348027,-0.7348027,-0.7348027
-0.7360967,-0.7360967,-0.7360967,-0.7360967
-0.76971287,-0.76971287,-0.76971287,-0.76971287
-0.77156115,-0.77156115,-0.77156115,-0.77156115
-0.6922729,-0.6922729,-0.6922729,-0.6922729
-0.65615094,-0.65615094,-0.65615094,-0.65615094
-0.7726283,-0.7726283,-0.7726283,-0.7726283
-0.8021764,-0.8021764,-0.8021764,-0.8021764
-0.6867165,-0.6867165,-0.6867165,-0.6867165
-0.4578976,-0.4578976,-0.4578976,-0.4578976
-0.29417336,-0.29417336,-0.29417336,-0.29417336
-0.3328612,-0.3328612,-0.3328612,-0.3328612
-0.32277447,-0.32277447,-0.32277447,-0.32277447
-0.014549167,-0.014549167,-0.014549167,-0.014549167
0.21745734,0.21745734,0.21745734,0.21745734
0.25834924,0.25834924,0.25834924,0.25834924
0.27269942,0.27269942,0.27269942,0.27269942
0.38443196,0.38443196,0.38443196,0.38443196
0.35479885,0.35479885,0.35479885,0.35479885
0.16757198,0.16757198,0.16757198,0.16757198
0.07730136,0.07730136,0.07730136,0.07730136
0.068513565,0.068513565,0.068513565,0.068513565
0.041228075,0.041228075,0.041228075,0.041228075
0.036358476,0.036358476,0.036358476,0.036358476
-0.02290383,-0.02290383,-0.02290383,-0.02290383
-0.114604555,-0.114604555,-0.114604555,-0.114604555
-0.06294673,-0.06294673,-0.06294673,-0.06294673
0.021225244,0.021225244,0.021225244,0.021225244
-0.11145098,-0.11145098,-0.11145098,-0.11145098
-0.19800436,-0.19800436,-0.19800436,-0.19800436
0.009452664,0.009452664,0.009452664,0.009452664
0.034267984,0.034267984,0.034267984,0.034267984
-0.017109208,-0.017109208,-0.017109208,-0.017109208
0.09726398,0.09726398,0.09726398,0.09726398
0.29511395,0.29511395,0.29511395,0.29511395
0.36973292,0.36973292,0.36973292,0.36973292
0.447104,0.447104,0.447104,0.447104
0.6508346,0.6508346,0.6508346,0.6508346
0.73454875,0.73454875,0.73454875,0.73454875
0.60710984,0.60710984,0.60710984,0.60710984
0.42529127,0.42529127,0.42529127,0.42529127
0.17139481,0.17139481,0.17139481,0.17139481
-0.21790604,-0.21790604,-0.21790604,-0.21790604
-0.5134938,-0.5134938,-0.5134938,-0.5134938
-0.6807788,-0.6807788,-0.6807788,-0.6807788
-0.8830988,-0.8830988,-0.8830988,-0.8830988
-0.96755207,-0.96755207,-0.96755207,-0.96755207
-0.7537972,-0.7537972,-0.7537972,-0.7537972
-0.4059555,-0.4059555,-0.4059555,-0.4059555
-0.19022092,-0.19022092,-0.19022092,-0.19022092
-0.14178479,-0.14178479,-0.14178479,-0.14178479
-0.0015461895,-0.0015461895,-0.0015461895,-0.0015461895
0.15491284,0.15491284,0.15491284,0.15491284
0.35512,0.35512,0.35512,0.35512
0.4418523,0.4418523,0.4418523,0.4418523
0.39193413,0.39193413,0.39193413,0.39193413
0.3499123,0.3499123,0.3499123,0.3499123
0.31018853,0.31018853,0.31018853,0.31018853
0.29614323,0.29614323,0.29614323,0.29614323
0.2518159,0.2518159,0.2518159,0.2518159
0.10728872,0.10728872,0.10728872,0.10728872
-0.15989779,-0.15989779,-0.15989779,-0.15989779
-0.16914527,-0.16914527,-0.16914527,-0.16914527
-0.048927493,-0.048927493,-0.048927493,-0.048927493
-0.11566168,-0.11566168,-0.11566168,-0.11566168
-0.05479704,-0.05479704,-0.05479704,-0.05479704
0.18782423,0.18782423,0.18782423,0.18782423
0.26340982,0.26340982,0.26340982,0.26340982
0.041694015,0.041694015,0.041694015,0.041694015
-0.08606633,-0.08606633,-0.08606633,-0.08606633
0.08948161,0.08948161,0.08948161,0.08948161
0.11296755,0.11296755,0.11296755,0.11296755
-0.0026284698,-0.0026284698,-0.0026284698,-0.0026284698
0.080508165,0.080508165,0.080508165,0.080508165
0.25548336,0.25548336,0.25548336,0.25548336
0.31436098,0.31436098,0.31436098,0.31436098
0.3321091,0.3321091,0.3321091,0.3321091
0.3008235,0.3008235,0.3008235,0.3008235
0.09652462,0.09652462,0.09652462,0.09652462
-0.13697457,-0.13697457,-0.13697457,-0.13697457
-0.09221786,-0.09221786,-0.09221786,-0.09221786
-0.017028414,-0.017028414,-0.017028414,-0.017028414
-0.0025670624,-0.0025670624,-0.0025670624,-0.0025670624
0.050786816,0.050786816,0.050786816,0.050786816
0.038451526,0.038451526,0.038451526,0.038451526
-0.17024443,-0.17024443,-0.17024443,-0.17024443
-0.16440234,-0.16440234,-0.16440234,-0.16440234
0.04154372,0.04154372,0.04154372,0.04154372
0.11540733,0.11540733,0.11540733,0.11540733
0.03146231,0.03146231,0.03146231,0.03146231
-0.05221625,-0.05221625,-0.05221625,-0.05221625
-0.06311335,-0.06311335,-0.06311335,-0.06311335
-0.056115206,-0.056115206,-0.056115206,-0.056115206
0.014572464,0.014572464,0.014572464,0.014572464
0.13005415,0.13005415,0.13005415,0.13005415
0.11871192,0.11871192,0.11871192,0.11871192
-0.07860092,-0.07860092,-0.07860092,-0.07860092
-0.30830148,-0.30830148,-0.30830148,-0.30830148
-0.26646185,-0.26646185,-0.26646185,-0.26646185
-0.026083918,-0.026083918,-0.026083918,-0.026083918
0.08295621,0.08295621,0.08295621,0.08295621
0.110442646,0.110442646,0.110442646,0.110442646
0.28617865,0.28617865,0.28617865,0.28617865
0.478157,0.478157,0.478157,0.478157
0.40631178,0.40631178,0.40631178,0.40631178
0.21172802,0.21172802,0.21172802,0.21172802
0.1350299,0.1350299,0.1350299,0.1350299
0.15410273,0.15410273,0.15410273,0.15410273
0.16588168,0.16588168,0.16588168,0.16588168
0.22254455,0.22254455,0.22254455,0.22254455
0.22088386,0.22088386,0.22088386,0.22088386
0.099941015,0.099941015,0.099941015,0.099941015
-0.03334991,-0.03334991,-0.03334991,-0.03334991
-0.085427314,-0.085427314,-0.085427314,-0.085427314
-0.03394596,-0.03394596,-0.03394596,-0.03394596
-0.15830067,-0.15830067,-0.15830067,-0.15830067
-0.35940045,-0.35940045,-0.35940045,-0.35940045
-0.33391815,-0.33391815,-0.33391815,-0.33391815
-0.11360066,-0.11360066,-0.11360066,-0.11360066
-0.07588673,-0.07588673,-0.07588673,-0.07588673
-0.15709338,-0.15709338,-0.15709338,-0.15709338
-0.02910986,-0.02910986,-0.02910986,-0.02910986
0.16203438,0.16203438,0.16203438,0.16203438
0.2746407,0.2746407,0.2746407,0.2746407
0.35521013,0.35521013,0.35521013,0.35521013
0.35269558,0.35269558,0.35269558,0.35269558
0.22162086,0.22162086,0.22162086,0.22162086
-0.02093397,-0.02093397,-0.02093397,-0.02093397
-0.3827334,-0.3827334,-0.3827334,-0.3827334
-0.66363996,-0.66363996,-0.66363996,-0.66363996
-0.71729696,-0.71729696,-0.71729696,-0.71729696
-0.57769287,-0.57769287,-0.57769287,-0.57769287
-0.43233472,-0.43233472,-0.43233472,-0.43233472
-0.4304712,-0.4304712,-0.4304712,-0.4304712
-0.37477526,-0.37477526,-0.37477526,-0.37477526
-0.12181343,-0.12181343,-0.12181343,-0.12181343
0.02174278,0.02174278,0.02174278,0.02174278
-0.016300222,-0.016300222,-0.016300222,-0.016300222
0.056059603,0.056059603,0.056059603,0.056059603
0.28818816,0.28818816,0.28818816,0.28818816
0.36422247,0.36422247,0.36422247,0.36422247
0.16274415,0.16274415,0.16274415,0.16274415
0.01801025,0.01801025,0.01801025,0.01801025
0.08509212,0.08509212,0.08509212,0.08509212
0.11359883,0.11359883,0.11359883,0.11359883
-0.008563197,-0.008563197,-0.008563197,-0.008563197
-0.04264968,-0.04264968,-0.04264968,-0.04264968
0.09542185,0.09542185,0.09542185,0.09542185
0.13308895,0.13308895,0.13308895,0.13308895
0.09810152,0.09810152,0.09810152,0.09810152
0.16036156,0.16036156,0.16036156,0.16036156
0.3264335,0.3264335,0.3264335,0.3264335
0.5124517,0.5124517,0.5124517,0.5124517
0.7128223,0.7128223,0.7128223,0.7128223
0.74542975,0.74542975,0.74542975,0.74542975
0.6894102,0.6894102,0.6894102,0.6894102
0.66646427,0.66646427,0.66646427,0.66646427
0.6032923,0.6032923,0.6032923,0.6032923
0.4796802,0.4796802,0.4796802,0.4796802
0.5060099,0.5060099,0.5060099,0.5060099
0.5538301,0.5538301,0.5538301,0.5538301
0.45607135,0.45607135,0.45607135,0.45607135
0.3802533,0.3802533,0.3802533,0.3802533
0.433271,0.433271,0.433271,0.433271
0.2693376,0.2693376,0.2693376,0.2693376
-0.06704783,-0.06704783,-0.06704783,-0.06704783
-0.15908483,-0.15908483,-0.15908483,-0.15908483
-0.03284555,-0.03284555,-0.03284555,-0.03284555
-0.18034512,-0.18034512,-0.18034512,-0.18034512
-0.21214181,-0.21214181,-0.21214181,-0.21214181
0.0130282985,0.0130282985,0.0130282985,0.0130282985
0.033197425,0.033197425,0.033197425,0.033197425
-0.17629138,-0.17629138,-0.17629138,-0.17629138
-0.21101038,-0.21101038,-0.21101038,-0.21101038
-0.13661566,-0.13661566,-0.13661566,-0.13661566
-0.04198992,-0.04198992,-0.04198992,-0.04198992
0.06666987,0.06666987,0.06666987,0.06666987
0.27790958,0.27790958,0.27790958,0.27790958
0.4963246,0.4963246,0.4963246,0.4963246
0.76803046,0.76803046,0.76803046,0.76803046
0.93562895,0.93562895,0.93562895,0.93562895
0.88414216,0.88414216,0.88414216,0.88414216
0.76436716,0.76436716,0.76436716,0.76436716
0.7652346,0.7652346,0.7652346,0.7652346
0.64234656,0.64234656,0.64234656,0.64234656
0.28081092,0.28081092,0.28081092,0.28081092
0.01603329,0.01603329,0.01603329,0.01603329
-0.07143825,-0.07143825,-0.07143825,-0.07143825
-0.16286756,-0.16286756,-0.16286756,-0.16286756
-0.3675376,-0.3675376,-0.3675376,-0.3675376
-0.6100758,-0.6100758,-0.6100758,-0.6100758
-0.7341821,-0.7341821,-0.7341821,-0.7341821
-0.7073742,-0.7073742,-0.7073742,-0.7073742
-0.59037465,-0.59037465,-0.59037465,-0.59037465
-0.4321222,-0.4321222,-0.4321222,-0.4321222
-0.07756359,-0.07756359,-0.07756359,-0.07756359
0.23624972,0.23624972,0.23624972,0.23624972
0.34428218,0.34428218,0.34428218,0.34428218
0.3798704,0.3798704,0.3798704,0.3798704
0.48279238,0.48279238,0.48279238,0.48279238
0.63361114,0.63361114,0.63361114,0.63361114
0.70318556,0.70318556,0.70318556,0.70318556
0.75310636,0.75310636,0.75310636,0.75310636
0.7584471,0.7584471,0.7584471,0.7584471
0.75847954,0.75847954,0.75847954,0.75847954
0.8062564,0.8062564,0.8062564,0.8062564
0.8333634,0.8333634,0.8333634,0.8333634
0.7163831,0.7163831,0.7163831,0.7163831
0.6372622,0.6372622,0.6372622,0.6372622
0.5101641,0.5101641,0.5101641,0.5101641
0.27587482,0.27587482,0.27587482,0.27587482
0.09540793,0.09540793,0.09540793,0.09540793
-0.017685978,-0.017685978,-0.017685978,-0.017685978
-0.26386115,-0.26386115,-0.26386115,-0.26386115
-0.5459253,-0.5459253,-0.5459253,-0.5459253
-0.585146,-0.585146,-0.585146,-0.585146
-0.5607376,-0.5607376,-0.5607376,-0.5607376
-0.7052191,-0.7052191,-0.7052191,-0.7052191
-0.8263007,-0.8263007,-0.8263007,-0.8263007
-0.7729643,-0.7729643,-0.7729643,-0.7729643
-0.6903479,-0.6903479,-0.6903479,-0.6903479
-0.7207694,-0.7207694,-0.7207694,-0.7207694
-0.8023791,-0.8023791,-0.8023791,-0.8023791
-0.7921583,-0.7921583,-0.7921583,-0.7921583
-0.6765247,-0.6765247,-0.6765247,-0.6765247
-0.56746054,-0.56746054,-0.56746054,-0.56746054
-0.47807217,-0.47807217,-0.47807217,-0.47807217
-0.30750036,-0.30750036,-0.30750036,-0.30750036
0.0054396186,0.0054396186,0.0054396186,0.0054396186
0.14320597,0.14320597,0.14320597,0.14320597
0.20332731,0.20332731,0.20332731,0.20332731
0.26378745,0.26378745,0.26378745,0.26378745
0.30001464,0.30001464,0.30001464,0.30001464
0.2322399,0.2322399,0.2322399,0.2322399
0.14889959,0.14889959,0.14889959,0.14889959
0.20926103,0.20926103,0.20926103,0.20926103
0.2800143,0.2800143,0.2800143,0.2800143
0.24775514,0.24775514,0.24775514,0.24775514
0.14362226,0.14362226,0.14362226,0.14362226
-0.0070223515,-0.0070223515,-0.0070223515,-0.0070223515
-0.3001039,-0.3001039,-0.3001039,-0.3001039
-0.51879245,-0.51879245,-0.51879245,-0.51879245
-0.51698816,-0.51698816,-0.51698816,-0.51698816
-0.42580247,-0.42580247,-0.42580247,-0.42580247
-0.5280418,-0.5280418,-0.5280418,-0.5280418
-0.71486956,-0.71486956,-0.71486956,-0.71486956
-0.7403429,-0.7403429,-0.7403429,-0.7403429
-0.6429089,-0.6429089,-0.6429089,-0.6429089
-0.61281604,-0.61281604,-0.61281604,-0.61281604
-0.6451858,-0.6451858,-0.6451858,-0.6451858
-0.5971249,-0.5971249,-0.5971249,-0.5971249
-0.5480602,-0.5480602,-0.5480602,-0.5480602
-0.588048,-0.588048,-0.588048,-0.588048
-0.5332828,-0.5332828,-0.5332828,-0.5332828
-0.14721055,-0.14721055,-0.14721055,-0.14721055
0.14040002,0.14040002,0.14040002,0.14040002
0.16223286,0.16223286,0.16223286,0.16223286
0.12778677,0.12778677,0.12778677,0.12778677
0.12204593,0.12204593,0.12204593,0.12204593
0.092275396,0.092275396,0.092275396,0.092275396
0.03310566,0.03310566,0.03310566,0.03310566
-0.06025832,-0.06025832,-0.06025832,-0.06025832
-0.14001246,-0.14001246,-0.14001246,-0.14001246
-0.14486513,-0.14486513,-0.14486513,-0.14486513
-0.17406803,-0.17406803,-0.17406803,-0.17406803
-0.32965472,-0.32965472,-0.32965472,-0.32965472
-0.4192108,-0.4192108,-0.4192108,-0.4192108
-0.2634625,-0.2634625,-0.2634625,-0.2634625
-0.12081446,-0.12081446,-0.12081446,-0.12081446
-0.12002738,-0.12002738,-0.12002738,-0.12002738
-0.08427095,-0.08427095,-0.08427095,-0.08427095
0.015178458,0.015178458,0.015178458,0.015178458
-0.054463282,-0.054463282,-0.054463282,-0.054463282
-0.21474062,-0.21474062,-0.21474062,-0.21474062
-0.070155084,-0.070155084,-0.070155084,-0.070155084
0.21523233,0.21523233,0.21523233,0.21523233
0.1942973,0.1942973,0.1942973,0.1942973
-0.050290402,-0.050290402,-0.050290402,-0.050290402
-0.17564902,-0.17564902,-0.17564902,-0.17564902
-0.1673897,-0.1673897,-0.1673897,-0.1673897
-0.2735086,-0.2735086,-0.2735086,-0.2735086
-0.41250032,-0.41250032,-0.41250032,-0.41250032
-0.52723116,-0.52723116,-0.52723116,-0.52723116
-0.53575075,-0.53575075,-0.53575075,-0.53575075
-0.4593781,-0.4593781,-0.4593781,-0.4593781
-0.30946887,-0.30946887,-0.30946887,-0.30946887
-0.15562902,-0.15562902,-0.15562902,-0.15562902
-0.022565879,-0.022565879,-0.022565879,-0.022565879
0.08876225,0.08876225,0.08876225,0.08876225
0.042872787,0.042872787,0.042872787,0.042872787
-0.02031298,-0.02031298,-0.02031298,-0.02031298
0.0009993846,0.0009993846,0.0009993846,0.0009993846
-0.13138011,-0.13138011,-0.13138011,-0.13138011
-0.54666406,-0.54666406,-0.54666406,-0.54666406
-0.7491624,-0.7491624,-0.7491624,-0.7491624
-0.5958592,-0.5958592,-0.5958592,-0.5958592
-0.43281695,-0.43281695,-0.43281695,-0.43281695
-0.4163493,-0.4163493,-0.4163493,-0.4163493
-0.17577685,-0.17577685,-0.17577685,-0.17577685
0.11394998,0.11394998,0.11394998,0.11394998
0.13740212,0.13740212,0.13740212,0.13740212
0.10013077,0.10013077,0.10013077,0.10013077
0.17348014,0.17348014,0.17348014,0.17348014
0.27407902,0.27407902,0.27407902,0.27407902
0.24269833,0.24269833,0.24269833,0.24269833
0.12940139,0.12940139,0.12940139,0.12940139
-0.08677335,-0.08677335,-0.08677335,-0.08677335
-0.3517698,-0.3517698,-0.3517698,-0.3517698
-0.42994976,-0.42994976,-0.42994976,-0.42994976
-0.5356472,-0.5356472,-0.5356472,-0.5356472
-0.6792912,-0.6792912,-0.6792912,-0.6792912
-0.6303347,-0.6303347,-0.6303347,-0.6303347
-0.34364757,-0.34364757,-0.34364757,-0.34364757
-0.12797064,-0.12797064,-0.12797064,-0.12797064
-0.20179057,-0.20179057,-0.20179057,-0.20179057
-0.06646142,-0.06646142,-0.06646142,-0.06646142
0.14207333,0.14207333,0.14207333,0.14207333
0.1501879,0.1501879,0.1501879,0.1501879
0.12137649,0.12137649,0.12137649,0.12137649
0.16214384,0.16214384,0.16214384,0.16214384
0.09813309,0.09813309,0.09813309,0.09813309
0.043646757,0.043646757,0.043646757,0.043646757
0.14047447,0.14047447,0.14047447,0.14047447
0.36680722,0.36680722,0.36680722,0.36680722
0.4399004,0.4399004,0.4399004,0.4399004
0.3938359,0.3938359,0.3938359,0.3938359
0.46472046,0.46472046,0.46472046,0.46472046
0.52371174,0.52371174,0.52371174,0.52371174
0.5067832,0.5067832,0.5067832,0.5067832
0.5198284,0.5198284,0.5198284,0.5198284
0.4644967,0.4644967,0.4644967,0.4644967
0.31816047,0.31816047,0.31816047,0.31816047
0.3463538,0.3463538,0.3463538,0.3463538
0.40977576,0.40977576,0.40977576,0.40977576
0.23169634,0.23169634,0.23169634,0.23169634
0.10651164,0.10651164,0.10651164,0.10651164
0.18208507,0.18208507,0.18208507,0.18208507
0.11674564,0.11674564,0.11674564,0.11674564
-0.06500891,-0.06500891,-0.06500891,-0.06500891
-0.068370186,-0.068370186,-0.068370186,-0.068370186
0.07122161,0.07122161,0.07122161,0.07122161
0.020594846,0.020594846,0.020594846,0.020594846
-0.060084473,-0.060084473,-0.060084473,-0.060084473
0.13289204,0.13289204,0.13289204,0.13289204
0.29159677,0.29159677,0.29159677,0.29159677
0.29801294,0.29801294,0.29801294,0.29801294
0.34196302,0.34196302,0.34196302,0.34196302
0.39699966,0.39699966,0.39699966,0.39699966
0.38738114,0.38738114,0.38738114,0.38738114
0.43598405,0.43598405,0.43598405,0.43598405
0.48946923,0.48946923,0.48946923,0.48946923
0.38266483,0.38266483,0.38266483,0.38266483
0.27533817,0.27533817,0.27533817,0.27533817
0.3249091,0.3249091,0.3249091,0.3249091
0.31591266,0.31591266,0.31591266,0.31591266
0.09946883,0.09946883,0.09946883,0.09946883
-0.20056242,-0.20056242,-0.20056242,-0.20056242
-0.25482994,-0.25482994,-0.25482994,-0.25482994
-0.2590938,-0.2590938,-0.2590938,-0.2590938
-0.40916166,-0.40916166,-0.40916166,-0.40916166
-0.52316284,-0.52316284,-0.52316284,-0.52316284
-0.42218047,-0.42218047,-0.42218047,-0.42218047
-0.14449301,-0.14449301,-0.14449301,-0.14449301
0.016771253,0.016771253,0.016771253,0.016771253
-0.058714855,-0.058714855,-0.058714855,-0.058714855
-0.10893788,-0.10893788,-0.10893788,-0.10893788
-0.20088999,-0.20088999,-0.20088999,-0.20088999
-0.25592282,-0.25592282,-0.25592282,-0.25592282
-0.17543231,-0.17543231,-0.17543231,-0.17543231
-0.08155414,-0.08155414,-0.08155414,-0.08155414
-0.2229095,-0.2229095,-0.2229095,-0.2229095
-0.37337214,-0.37337214,-0.37337214,-0.37337214
-0.1961653,-0.1961653,-0.1961653,-0.1961653
0.0786073,0.0786073,0.0786073,0.0786073
0.10220462,0.10220462,0.10220462,0.10220462
0.037372384,0.037372384,0.037372384,0.037372384
0.09556622,0.09556622,0.09556622,0.09556622
0.12451182,0.12451182,0.12451182,0.12451182
-0.056753486,-0.056753486,-0.056753486,-0.056753486
-0.18804546,-0.18804546,-0.18804546,-0.18804546
0.011455689,0.011455689,0.011455689,0.011455689
0.0056788996,0.0056788996,0.0056788996,0.0056788996
-0.16631393,-0.16631393,-0.16631393,-0.16631393
-0.06871422,-0.06871422,-0.06871422,-0.06871422
-0.08681359,-0.08681359,-0.08681359,-0.08681359
-0.3167378,-0.3167378,-0.3167378,-0.3167378
-0.2742301,-0.2742301,-0.2742301,-0.2742301
0.1283927,0.1283927,0.1283927,0.1283927
0.32461447,0.32461447,0.32461447,0.32461447
0.31520465,0.31520465,0.31520465,0.31520465
0.34613508,0.34613508,0.34613508,0.34613508
0.36027506,0.36027506,0.36027506,0.36027506
0.31829566,0.31829566,0.31829566,0.31829566
0.35284048,0.35284048,0.35284048,0.35284048
0.25153545,0.25153545,0.25153545,0.25153545
-0.03505517,-0.03505517,-0.03505517,-0.03505517
-0.19923304,-0.19923304,-0.19923304,-0.19923304
0.045444626,0.045444626,0.045444626,0.045444626
0.13621153,0.13621153,0.13621153,0.13621153
0.07027403,0.07027403,0.07027403,0.07027403
0.069819555,0.069819555,0.069819555,0.069819555
0.15038976,0.15038976,0.15038976,0.15038976
0.19956459,0.19956459,0.19956459,0.19956459
0.20351006,0.20351006,0.20351006,0.20351006
0.10583318,0.10583318,0.10583318,0.10583318
0.08072374,0.08072374,0.08072374,0.08072374
0.25420174,0.25420174,0.25420174,0.25420174
0.37457323,0.37457323,0.37457323,0.37457323
0.3038497,0.3038497,0.3038497,0.3038497
0.25449705,0.25449705,0.25449705,0.25449705
0.27265602,0.27265602,0.27265602,0.27265602
0.18588325,0.18588325,0.18588325,0.18588325
0.11358802,0.11358802,0.11358802,0.11358802
0.2320509,0.2320509,0.2320509,0.2320509
0.34033412,0.34033412,0.34033412,0.34033412
0.2577256,0.2577256,0.2577256,0.2577256
0.1941202,0.1941202,0.1941202,0.1941202
0.18450049,0.18450049,0.18450049,0.18450049
0.17216836,0.17216836,0.17216836,0.17216836
0.2535851,0.2535851,0.2535851,0.2535851
0.2835036,0.2835036,0.2835036,0.2835036
0.19852833,0.19852833,0.19852833,0.19852833
0.17418027,0.17418027,0.17418027,0.17418027
0.24523005,0.24523005,0.24523005,0.24523005
0.23859467,0.23859467,0.23859467,0.23859467
0.15065955,0.15065955,0.15065955,0.15065955
0.07822506,0.07822506,0.07822506,0.07822506
0.07073723,0.07073723,0.07073723,0.07073723
0.107753105,0.107753105,0.107753105,0.107753105
0.1679992,0.1679992,0.1679992,0.1679992
0.097408086,0.097408086,0.097408086,0.097408086
-0.07458523,-0.07458523,-0.07458523,-0.07458523
-0.1828276,-0.1828276,-0.1828276,-0.1828276
-0.085782446,-0.085782446,-0.085782446,-0.085782446
0.002584336,0.002584336,0.002584336,0.002584336
0.062360145,0.062360145,0.062360145,0.062360145
0.20981818,0.20981818,0.20981818,0.20981818
0.23553872,0.23553872,0.23553872,0.23553872
0.13523528,0.13523528,0.13523528,0.13523528
0.132038,0.132038,0.132038,0.132038
0.18545666,0.18545666,0.18545666,0.18545666
0.13330232,0.13330232,0.13330232,0.13330232
0.07632316,0.07632316,0.07632316,0.07632316
0.15741643,0.15741643,0.15741643,0.15741643
0.2958148,0.2958148,0.2958148,0.2958148
0.33804533,0.33804533,0.33804533,0.33804533
0.29240686,0.29240686,0.29240686,0.29240686
0.33852428,0.33852428,0.33852428,0.33852428
0.43070072,0.43070072,0.43070072,0.43070072
0.33744738,0.33744738,0.33744738,0.33744738
0.31948215,0.31948215,0.31948215,0.31948215
0.44933116,0.44933116,0.44933116,0.44933116
0.38888344,0.38888344,0.38888344,0.38888344
0.071713194,0.071713194,0.071713194,0.071713194
-0.14733137,-0.14733137,-0.14733137,-0.14733137
-0.34393165,-0.34393165,-0.34393165,-0.34393165
-0.62124616,-0.62124616,-0.62124616,-0.62124616
-0.9807356,-0.9807356,-0.9807356,-0.9807356
